frame,time_s,capture_ms,face_ms,draw_ms,total_ms,fps
1,0.0,4.63,16.7,15.09,31.79,30.5
2,0.037,3.22,17.95,0.5,18.45,30.3
3,0.071,3.04,18.99,0.27,19.26,30.3
4,0.098,2.76,11.75,0.19,11.94,30.4
5,0.118,5.84,10.76,0.23,10.99,30.8
6,0.156,21.84,18.41,0.83,19.24,30.7
7,0.184,3.88,14.36,0.2,14.56,30.9
8,0.217,4.75,16.41,0.28,16.69,31.0
9,0.251,3.08,17.25,0.28,17.52,30.9
10,0.285,1.95,19.18,0.32,19.5,30.4
11,0.326,9.74,10.79,0.19,10.99,29.3
12,0.362,20.41,13.32,0.23,13.55,29.2
13,0.391,13.09,16.8,0.25,17.05,29.8
14,0.426,2.91,14.62,0.19,14.81,29.8
15,0.46,2.08,18.98,0.29,19.27,29.8
16,0.493,1.45,19.27,0.28,19.54,29.5
17,0.528,2.93,16.06,0.19,16.25,29.5
18,0.561,1.9,21.86,0.2,22.06,29.5
19,0.596,2.79,15.64,0.56,16.2,29.5
20,0.634,6.01,18.39,0.25,18.63,29.4
21,0.667,1.93,14.34,0.18,14.52,29.5
22,0.701,2.11,18.2,0.33,18.53,29.7
23,0.736,3.31,19.09,0.25,19.33,29.7
24,0.77,3.21,21.76,0.22,21.98,29.6
25,0.804,2.87,14.91,0.45,15.36,29.7
26,0.84,3.56,19.62,0.27,19.89,29.6
27,0.874,2.14,16.7,0.22,16.92,29.7
28,0.908,3.19,16.08,0.2,16.28,29.7
29,0.943,3.01,20.36,0.3,20.67,29.7
30,0.978,2.99,20.27,0.19,20.46,29.7
31,1.012,2.69,10.3,0.19,10.49,29.8
32,1.031,3.56,10.16,0.19,10.35,30.2
33,1.063,19.12,13.2,0.2,13.4,30.2
34,1.095,16.56,11.61,0.19,11.8,30.1
35,1.127,14.82,10.8,0.21,11.0,29.9
36,1.162,19.26,10.87,0.21,11.08,29.7
37,1.191,13.37,11.35,0.19,11.54,29.8
38,1.244,36.45,14.35,0.19,14.54,29.2
39,1.278,2.96,15.94,0.24,16.19,29.2
40,1.313,2.87,16.6,0.29,16.9,29.4
41,1.339,2.87,14.21,0.26,14.47,29.7
42,1.373,1.82,13.58,0.28,13.86,29.6
43,1.391,1.8,12.47,0.19,12.66,30.0
44,1.433,27.57,12.91,0.19,13.09,29.8
45,1.463,13.9,10.59,0.33,10.92,29.9
46,1.497,18.24,9.59,0.18,9.77,29.9
47,1.528,15.66,13.83,0.31,14.14,30.0
48,1.576,16.17,13.37,0.2,13.57,29.6
49,1.595,3.48,10.53,0.2,10.73,30.0
50,1.614,2.6,10.16,0.18,10.35,30.6
51,1.638,10.37,10.06,0.19,10.25,30.9
52,1.67,16.35,17.79,0.32,18.1,31.0
53,1.706,4.94,19.28,0.27,19.55,30.9
54,1.741,2.85,17.91,0.63,18.54,30.9
55,1.774,1.63,10.16,0.27,10.43,30.9
56,1.84,53.47,19.61,0.27,19.88,30.0
57,1.884,11.89,13.11,0.21,13.32,29.7
58,1.911,11.71,15.71,0.26,15.97,29.9
59,1.946,2.66,18.0,0.27,18.28,30.0
60,1.981,3.06,12.84,0.18,13.02,29.9
61,2.0,3.49,10.53,0.24,10.77,30.4
62,2.015,2.47,10.12,0.19,10.31,30.5
63,2.038,6.63,11.46,0.2,11.65,30.8
64,2.074,21.11,14.11,0.19,14.3,30.6
65,2.109,2.68,16.76,0.24,17.0,30.5
66,2.142,2.0,13.25,0.22,13.47,30.6
67,2.187,13.05,20.12,0.46,20.58,30.1
68,2.217,4.88,14.53,0.19,14.72,30.8
69,2.251,2.98,17.46,0.32,17.78,30.8
70,2.285,2.83,13.9,0.21,14.11,30.8
71,2.321,3.0,18.44,0.24,18.68,30.6
72,2.355,3.37,14.99,0.31,15.31,30.5
73,2.389,2.06,17.69,0.22,17.91,30.1
74,2.422,1.86,11.1,0.19,11.29,30.3
75,2.439,1.62,12.19,0.24,12.43,30.7
76,2.487,32.28,11.15,0.2,11.34,30.3
77,2.524,20.71,13.09,0.23,13.31,30.1
78,2.551,11.4,14.0,0.22,14.22,30.8
79,2.586,2.88,19.19,0.27,19.46,30.3
80,2.62,2.81,18.92,0.35,19.27,29.5
81,2.655,2.92,20.36,0.33,20.69,29.5
82,2.689,2.88,19.55,0.33,19.88,29.5
83,2.723,1.96,21.32,0.21,21.53,29.5
84,2.758,2.86,15.94,0.26,16.2,29.5
85,2.791,2.22,12.67,0.19,12.86,30.5
86,2.823,16.22,11.1,0.21,11.3,30.5
87,2.857,17.78,12.8,0.2,13.0,30.8
88,2.887,14.53,16.46,0.3,16.77,30.7
89,2.922,2.9,18.28,0.29,18.57,30.7
90,2.956,2.61,14.22,0.36,14.58,30.8
91,2.983,3.05,12.8,0.19,12.99,30.5
92,3.016,3.63,17.7,0.24,17.94,29.7
93,3.049,2.19,17.49,0.23,17.72,29.8
94,3.097,16.31,19.92,0.24,20.16,29.4
95,3.131,2.88,16.9,0.21,17.1,29.3
96,3.165,2.61,14.57,0.42,14.99,29.6
97,3.197,1.99,17.44,0.22,17.65,29.6
98,3.232,3.38,19.34,0.25,19.59,29.6
99,3.264,1.53,17.86,0.22,18.08,29.6
100,3.299,3.03,15.23,0.21,15.44,29.6
101,3.333,2.07,16.42,0.25,16.67,29.7
102,3.367,3.06,17.03,0.22,17.25,29.7
103,3.4,1.64,13.45,0.2,13.65,29.7
104,3.433,1.92,19.19,0.28,19.47,29.2
105,3.467,1.84,15.43,0.47,15.9,29.6
106,3.502,3.14,20.54,0.3,20.85,29.7
107,3.536,2.76,16.94,0.23,17.17,29.4
108,3.571,3.16,21.12,0.23,21.35,29.4
109,3.604,1.79,14.18,0.21,14.4,29.5
110,3.639,3.12,15.7,0.22,15.93,29.5
111,3.673,3.05,16.81,0.19,17.0,29.5
112,3.708,2.96,22.27,0.33,22.59,29.4
113,3.743,3.2,18.77,0.36,19.12,29.4
114,3.778,2.35,23.02,0.39,23.41,29.4
115,3.813,3.18,21.55,0.3,21.85,29.3
116,3.847,3.2,22.04,0.41,22.45,29.3
117,3.881,2.53,22.28,0.26,22.53,29.2
118,3.917,3.45,20.66,0.3,20.96,29.2
119,3.951,3.35,17.13,0.24,17.37,29.1
120,3.983,2.81,17.78,0.32,18.1,28.9
121,4.016,3.13,22.37,0.2,22.58,29.0
122,4.049,3.02,19.81,0.32,20.13,29.4
123,4.083,2.92,19.83,0.32,20.15,29.4
124,4.115,2.74,18.47,0.23,18.7,29.5
125,4.148,2.24,17.78,0.23,18.01,29.5
126,4.182,2.72,15.58,0.2,15.78,29.4
127,4.215,3.22,17.49,0.2,17.69,29.5
128,4.248,2.23,11.07,0.19,11.26,29.5
129,4.265,2.84,10.41,0.19,10.59,30.0
130,4.295,13.75,10.46,0.2,10.65,30.1
131,4.342,31.89,11.15,0.19,11.34,29.7
132,4.376,18.11,10.94,0.26,11.2,29.7
133,4.394,3.14,10.89,0.19,11.08,30.2
134,4.413,2.73,10.04,0.19,10.23,30.6
135,4.44,12.81,11.0,0.2,11.2,30.8
136,4.471,15.33,19.01,0.25,19.26,31.0
137,4.505,1.76,12.41,0.21,12.63,31.0
138,4.541,19.88,18.23,0.23,18.46,30.9
139,4.575,3.07,17.86,0.29,18.15,30.9
140,4.65,43.2,19.7,0.27,19.97,29.7
141,4.683,1.55,10.09,0.19,10.28,29.8
142,4.7,2.59,10.57,0.19,10.76,30.3
143,4.718,2.48,10.89,0.29,11.17,30.8
144,4.742,8.64,10.08,0.18,10.26,31.0
145,4.776,18.42,15.27,0.24,15.51,31.0
146,4.811,3.24,19.55,0.26,19.81,31.0
147,4.846,3.05,19.18,0.22,19.4,31.0
148,4.88,2.76,10.0,0.2,10.19,31.0
149,4.903,7.07,10.28,0.28,10.56,31.4
150,4.95,31.1,13.02,0.24,13.26,31.0
151,4.983,3.58,11.32,0.2,11.52,31.0
152,5.016,3.72,11.26,0.19,11.45,31.0
153,5.048,16.79,10.76,0.19,10.94,31.1
154,5.08,17.05,12.62,0.19,12.81,31.1
155,5.112,16.04,13.08,0.29,13.36,31.1
156,5.146,2.79,18.89,0.26,19.16,31.1
157,5.18,2.86,16.42,0.32,16.74,31.1
158,5.214,3.11,17.2,0.22,17.42,31.0
159,5.257,11.83,19.43,0.32,19.74,30.2
160,5.291,2.99,16.45,0.19,16.64,30.1
161,5.326,2.95,19.15,0.25,19.4,30.5
162,5.359,1.98,11.42,0.23,11.65,30.5
163,5.385,10.42,16.62,0.29,16.92,30.3
164,5.419,2.27,18.62,0.28,18.9,29.6
165,5.453,2.1,19.35,0.27,19.63,29.5
166,5.488,3.1,19.27,0.28,19.55,29.5
167,5.522,2.93,17.53,0.27,17.8,29.5
168,5.561,5.77,12.87,0.26,13.12,29.4
169,5.594,16.51,14.32,0.2,14.51,30.7
170,5.628,2.98,18.68,0.29,18.97,30.7
171,5.664,4.01,19.03,0.21,19.24,30.6
172,5.697,2.65,19.23,0.23,19.46,30.1
173,5.731,2.84,20.35,0.22,20.57,29.3
174,5.766,4.51,18.0,0.26,18.27,29.3
175,5.801,3.16,20.55,0.24,20.79,29.3
176,5.834,1.91,17.99,0.29,18.28,29.3
177,5.869,3.12,18.81,0.21,19.01,29.3
178,5.904,3.19,20.61,0.34,20.95,29.3
179,5.938,2.95,20.37,0.22,20.6,29.4
180,5.973,3.07,18.73,0.29,19.01,29.3
181,5.998,1.7,13.83,0.22,14.05,29.5
182,6.033,4.1,17.88,0.21,18.09,29.4
183,6.066,1.98,14.99,0.19,15.18,29.4
184,6.099,3.56,17.72,0.23,17.95,29.4
185,6.127,2.97,12.53,0.19,12.73,29.5
186,6.152,8.65,12.48,0.19,12.67,29.8
187,6.2,32.34,10.25,0.18,10.43,29.4
188,6.236,22.52,16.43,0.2,16.63,29.6
189,6.268,1.81,16.74,0.29,17.02,29.7
190,6.304,3.58,18.56,0.32,18.88,29.7
191,6.342,2.05,19.97,0.29,20.26,29.5
192,6.377,3.1,21.62,0.56,22.18,29.3
193,6.411,3.03,15.74,0.21,15.95,29.2
194,6.446,3.21,17.74,0.2,17.93,29.2
195,6.481,3.08,16.75,0.23,16.98,29.2
196,6.515,3.4,20.87,0.32,21.18,29.2
197,6.55,3.36,17.46,0.24,17.7,29.3
198,6.584,2.14,17.44,0.2,17.63,29.3
199,6.618,2.78,13.38,0.25,13.64,29.3
200,6.653,3.29,20.17,0.34,20.5,29.3
201,6.688,3.13,21.21,0.26,21.47,29.3
202,6.722,2.5,18.02,0.28,18.29,29.3
203,6.756,2.74,18.94,0.34,19.27,29.3
204,6.791,3.32,21.65,0.32,21.98,29.3
205,6.825,1.98,19.27,0.22,19.49,29.3
206,6.86,2.97,17.29,0.35,17.63,29.3
207,6.882,2.58,12.49,0.22,12.72,29.7
208,6.899,1.64,12.3,0.29,12.59,30.1
209,6.918,2.81,11.22,0.19,11.41,30.6
210,6.935,1.58,11.12,0.19,11.31,31.1
211,6.967,16.26,14.7,0.23,14.93,31.2
212,7.035,39.41,21.67,0.5,22.17,29.9
213,7.066,4.43,11.32,0.18,11.51,30.0
214,7.112,31.99,21.03,0.3,21.33,29.4
215,7.153,1.39,17.62,0.21,17.83,29.4
216,7.183,2.65,15.37,0.23,15.6,29.5
217,7.214,2.18,16.7,0.22,16.92,29.6
218,7.249,2.83,19.6,0.2,19.8,29.6
219,7.283,2.71,17.9,0.28,18.17,29.6
220,7.316,1.53,9.87,0.18,10.06,29.8
221,7.333,1.58,11.0,0.23,11.23,30.3
222,7.351,2.24,13.54,0.23,13.77,30.8
223,7.386,3.09,18.36,0.28,18.64,30.8
224,7.449,31.8,14.56,0.2,14.75,29.9
225,7.483,2.42,10.19,0.18,10.38,30.0
226,7.502,2.95,10.63,0.19,10.82,30.4
227,7.519,2.75,10.0,0.27,10.27,31.0
228,7.542,7.1,11.01,0.2,11.2,31.3
229,7.578,21.15,10.73,0.19,10.92,31.2
230,7.605,11.72,11.31,0.2,11.51,31.4
231,7.638,17.04,9.96,0.19,10.15,31.5
232,7.672,19.36,10.11,0.19,10.3,31.5
233,7.705,17.23,16.36,0.29,16.65,31.5
234,7.754,18.01,19.94,0.33,20.28,31.1
235,7.789,2.68,11.13,0.2,11.33,31.1
236,7.814,9.4,10.05,0.19,10.25,31.4
237,7.846,16.42,10.59,0.19,10.78,31.4
238,7.88,19.17,15.83,0.21,16.04,31.1
239,7.914,2.53,13.97,0.28,14.25,30.1
240,7.949,3.42,19.81,0.26,20.07,29.5
241,7.983,2.67,13.75,0.38,14.13,30.6
242,8.015,2.39,15.62,0.31,15.93,30.6
243,8.058,10.08,17.46,0.21,17.67,30.3
244,8.09,1.69,12.59,0.22,12.8,30.7
245,8.119,12.99,10.46,0.2,10.66,31.1
246,8.152,17.53,9.84,0.21,10.05,31.0
247,8.183,15.75,9.76,0.22,9.99,31.0
248,8.214,15.66,10.38,0.18,10.56,31.0
249,8.249,19.09,9.61,0.18,9.79,31.1
250,8.278,13.24,9.13,0.19,9.32,31.2
251,8.31,16.21,10.04,0.19,10.23,31.2
252,8.359,32.88,9.31,0.19,9.49,29.8
253,8.391,16.94,10.34,0.2,10.54,30.8
254,8.422,14.9,11.42,0.2,11.62,30.8
255,8.455,16.86,10.67,0.19,10.86,30.9
256,8.486,15.06,9.43,0.19,9.62,30.5
257,8.518,16.64,9.7,0.19,9.89,30.0
258,8.55,16.32,9.65,0.19,9.83,29.8
259,8.584,18.07,10.48,0.26,10.74,29.6
260,8.614,14.81,10.04,0.19,10.23,29.7
261,8.662,31.95,9.6,0.18,9.78,29.3
262,8.695,18.02,10.9,0.28,11.17,29.3
263,8.727,16.58,10.49,0.19,10.68,29.8
264,8.758,14.93,9.45,0.19,9.64,29.9
265,8.79,16.92,9.62,0.19,9.82,29.7
266,8.823,17.9,10.19,0.19,10.38,29.7
267,8.855,15.91,11.27,0.2,11.47,29.8
268,8.887,16.54,10.26,0.21,10.47,29.8
269,8.925,22.22,10.26,0.19,10.45,29.7
270,8.965,25.12,10.33,0.21,10.54,29.5
271,9.0,19.65,9.29,0.18,9.47,29.5
272,9.03,16.69,9.83,0.21,10.04,29.8
273,9.064,18.26,10.27,0.19,10.46,29.8
274,9.094,15.78,9.89,0.19,10.07,29.8
275,9.126,17.2,10.17,0.19,10.36,29.8
276,9.158,16.14,10.19,0.19,10.38,29.7
277,9.19,15.84,10.57,0.19,10.77,29.7
278,9.222,17.08,10.83,0.19,11.01,29.8
279,9.272,36.15,11.44,0.19,11.63,29.2
280,9.302,14.47,11.05,0.2,11.25,29.2
281,9.321,2.37,10.37,0.2,10.56,30.2
282,9.337,1.45,9.9,0.2,10.1,30.7
283,9.367,13.95,9.54,0.19,9.73,30.8
284,9.438,55.86,17.77,0.27,18.04,29.5
285,9.471,2.2,18.98,0.35,19.34,29.4
286,9.505,3.03,20.52,0.26,20.79,29.4
287,9.54,3.03,20.36,0.36,20.72,29.3
288,9.576,5.29,19.79,0.28,20.07,29.2
289,9.611,3.59,18.34,0.24,18.58,29.1
290,9.645,1.97,11.23,0.21,11.44,29.5
291,9.663,2.67,11.96,0.24,12.2,29.9
292,9.682,2.73,11.24,0.19,11.43,30.4
293,9.703,5.95,14.04,0.27,14.31,30.7
294,9.738,2.95,17.81,0.27,18.07,30.6
295,9.772,3.01,18.81,0.29,19.1,30.6
296,9.834,29.88,21.94,0.62,22.56,29.6
297,9.865,4.23,11.1,0.18,11.28,29.6
298,9.914,32.56,21.16,0.34,21.49,29.3
299,9.948,3.15,15.86,0.19,16.05,29.5
300,9.982,2.71,15.61,0.21,15.82,29.5
301,10.015,2.53,18.7,0.24,18.94,29.4
302,10.05,3.6,18.4,0.19,18.59,29.4
303,10.082,3.24,14.88,0.2,15.08,29.3
304,10.115,2.64,17.86,0.22,18.08,29.3
305,10.151,3.68,21.16,0.3,21.46,29.2
306,10.182,1.65,18.07,0.26,18.34,29.2
307,10.217,4.75,16.0,0.19,16.18,29.1
308,10.251,3.65,15.41,0.25,15.66,29.6
309,10.286,2.84,13.57,0.2,13.77,29.5
310,10.321,2.96,17.48,0.39,17.87,28.5
311,10.355,2.43,18.59,0.23,18.83,28.3
312,10.389,2.69,14.51,0.23,14.74,29.4
313,10.424,3.15,16.54,0.2,16.75,29.4
314,10.458,1.99,15.58,0.2,15.78,29.4
315,10.493,3.33,24.52,0.22,24.73,29.4
316,10.526,1.61,14.67,0.24,14.91,29.4
317,10.56,2.25,16.57,0.2,16.77,29.5
318,10.595,3.22,21.11,0.25,21.36,29.5
319,10.631,4.41,19.0,0.28,19.28,29.4
320,10.664,2.21,17.89,0.2,18.09,28.5
321,10.698,1.56,13.04,0.19,13.23,28.2
322,10.731,2.63,10.26,0.19,10.45,28.2
323,10.748,1.55,10.3,0.19,10.49,28.7
324,10.767,2.46,10.18,0.19,10.37,29.2
325,10.782,2.64,9.38,0.23,9.61,30.6
326,10.822,23.96,10.94,0.19,11.13,30.4
327,10.853,15.36,9.36,0.19,9.55,30.4
328,10.885,16.47,11.25,0.19,11.44,30.9
329,10.918,17.15,9.31,0.19,9.5,30.9
330,10.952,18.52,9.06,0.21,9.27,30.9
331,10.981,15.46,9.09,0.19,9.28,31.1
332,11.014,18.62,10.12,0.19,10.32,31.0
333,11.046,16.02,10.87,0.18,11.05,31.1
334,11.082,19.61,17.61,0.24,17.84,31.0
335,11.128,22.57,16.46,0.19,16.65,30.7
336,11.162,2.71,10.68,0.19,10.87,30.6
337,11.19,12.21,10.06,0.19,10.25,30.8
338,11.221,8.14,9.9,0.19,10.1,30.9
339,11.253,16.38,9.56,0.19,9.74,31.0
340,11.29,21.12,10.93,0.19,11.12,31.0
341,11.32,17.26,14.84,0.24,15.09,31.0
342,11.351,6.81,13.67,0.2,13.88,31.1
343,11.386,3.05,13.38,0.2,13.58,31.1
344,11.435,34.14,20.7,0.3,21.0,30.7
345,11.47,2.95,19.35,0.24,19.59,30.7
346,11.504,2.8,16.84,0.23,17.07,30.7
347,11.538,2.96,21.03,0.29,21.32,30.7
348,11.572,2.18,20.84,0.23,21.07,30.7
349,11.606,2.8,10.41,0.19,10.6,30.8
350,11.624,2.52,9.55,0.19,9.74,31.2
351,11.654,15.22,12.0,0.18,12.18,31.3
352,11.689,18.66,11.96,0.19,12.15,31.3
353,11.738,33.99,19.75,0.9,20.65,30.3
354,11.773,3.02,20.35,0.27,20.61,29.3
355,11.808,2.82,15.27,0.25,15.52,29.4
356,11.842,2.93,16.35,0.23,16.58,29.3
357,11.876,2.45,17.47,0.19,17.66,29.3
358,11.911,3.17,15.49,0.2,15.69,29.2
359,11.946,3.3,23.14,0.35,23.5,29.2
360,11.98,3.28,18.23,0.24,18.47,29.0
361,12.014,2.49,20.39,0.27,20.66,29.0
362,12.041,2.8,14.46,0.25,14.71,29.2
363,12.075,2.71,13.23,0.18,13.42,29.2
364,12.103,12.1,17.0,0.35,17.35,29.7
365,12.131,2.74,16.63,0.19,16.82,29.9
366,12.166,3.64,17.12,0.41,17.53,29.7
367,12.199,3.19,14.83,0.2,15.04,29.7
368,12.234,5.55,17.23,0.29,17.52,29.6
369,12.269,3.07,16.27,0.23,16.49,29.6
370,12.303,2.08,18.23,0.34,18.57,29.5
371,12.331,7.75,14.9,0.19,15.09,29.6
372,12.377,15.2,20.57,0.31,20.88,29.2
373,12.412,3.16,18.44,0.49,18.93,29.7
374,12.447,2.71,14.81,0.24,15.05,29.7
375,12.481,2.83,20.49,0.39,20.88,29.7
376,12.515,2.59,20.91,0.36,21.27,29.7
377,12.55,3.01,17.48,0.25,17.73,29.7
378,12.584,2.86,20.44,0.38,20.82,29.7
379,12.617,2.0,18.61,0.23,18.84,29.2
380,12.651,2.15,20.88,0.51,21.39,29.1
381,12.682,7.34,11.94,0.18,12.13,29.2
382,12.711,13.24,15.13,0.26,15.39,29.8
383,12.746,2.9,16.28,0.19,16.47,29.8
384,12.78,2.29,15.11,0.23,15.34,29.8
385,12.814,2.97,18.97,0.3,19.27,29.8
386,12.85,4.56,23.3,0.31,23.61,29.8
387,12.884,2.72,14.68,0.3,14.98,29.8
388,12.92,3.38,9.84,0.19,10.03,29.8
389,12.935,1.72,11.21,0.22,11.43,30.3
390,12.953,2.83,12.25,0.35,12.6,30.8
391,12.985,15.75,11.5,0.19,11.69,30.9
392,13.016,3.66,11.21,0.3,11.51,30.8
393,13.048,16.39,11.11,0.2,11.31,30.8
394,13.081,18.12,10.44,0.19,10.62,30.7
395,13.112,16.29,13.97,0.21,14.18,30.6
396,13.146,2.58,12.31,0.19,12.5,30.6
397,13.176,13.61,12.04,0.19,12.22,30.7
398,13.208,16.58,17.97,0.3,18.27,30.8
399,13.241,1.9,19.74,0.22,19.96,30.9
400,13.286,12.78,11.29,0.19,11.48,30.5
401,13.321,19.31,10.75,0.19,10.94,30.3
402,13.351,13.77,10.89,0.23,11.12,30.8
403,13.384,17.66,11.0,0.21,11.21,30.9
404,13.415,14.98,15.96,0.21,16.18,31.0
405,13.45,2.8,16.71,0.23,16.94,31.0
406,13.483,2.81,19.86,0.26,20.12,31.0
407,13.518,3.0,19.74,1.98,21.72,31.0
408,13.551,2.13,14.2,0.23,14.43,31.0
409,13.593,26.06,21.94,0.33,22.27,30.7
410,13.627,1.71,10.07,0.18,10.26,30.7
411,13.657,14.45,16.45,0.28,16.73,30.8
412,13.691,2.28,20.85,0.28,21.13,30.6
413,13.726,2.92,19.74,0.51,20.25,30.6
414,13.76,2.7,15.58,0.25,15.83,30.6
415,13.795,2.88,13.81,0.24,14.05,30.6
416,13.829,2.44,12.58,0.27,12.86,30.7
417,13.847,2.4,12.85,0.27,13.12,31.1
418,13.878,14.65,11.35,0.21,11.56,31.2
419,13.927,34.05,12.86,0.3,13.16,30.2
420,13.959,16.13,11.25,0.28,11.53,29.8
421,13.992,17.48,10.27,0.18,10.46,29.7
422,14.024,15.55,10.32,0.21,10.53,29.7
423,14.056,16.97,11.69,0.19,11.88,29.7
424,14.087,15.26,12.9,0.23,13.14,29.8
425,14.118,6.11,10.31,0.23,10.54,29.8
426,14.151,17.3,10.35,0.18,10.53,29.7
427,14.188,21.76,13.44,0.24,13.68,29.6
428,14.234,21.62,17.9,0.29,18.19,29.2
429,14.268,2.87,21.03,0.35,21.38,29.5
430,14.297,6.06,16.05,0.21,16.27,29.7
431,14.334,5.91,10.28,0.23,10.51,29.5
432,14.358,7.49,9.91,0.18,10.09,29.8
433,14.393,19.79,11.39,0.19,11.58,29.6
434,14.424,15.25,13.43,0.19,13.62,29.8
435,14.458,2.91,18.75,0.26,19.01,29.7
436,14.492,1.84,18.61,0.32,18.94,29.8
437,14.539,15.02,18.28,0.25,18.53,29.4
438,14.573,3.05,18.6,0.31,18.9,29.6
439,14.608,2.33,16.47,0.22,16.69,29.6
440,14.641,1.9,19.64,0.27,19.91,29.5
441,14.676,3.41,21.66,0.36,22.02,29.4
442,14.711,3.22,22.28,0.37,22.65,29.4
443,14.738,2.82,11.71,0.19,11.89,29.7
444,14.758,4.69,12.14,0.28,12.42,30.1
445,14.794,20.13,18.12,0.23,18.35,30.0
446,14.844,18.1,16.46,0.26,16.72,29.1
447,14.88,3.77,19.64,0.24,19.88,29.4
448,14.913,2.54,13.19,0.21,13.4,29.4
449,14.949,4.39,20.6,0.3,20.9,29.3
450,14.983,2.98,12.93,0.34,13.27,29.3
451,15.016,3.16,18.19,0.24,18.43,29.2
452,15.082,3.29,15.3,0.19,15.49,28.1
453,15.116,3.03,20.74,0.29,21.02,28.1
454,15.15,2.57,10.13,0.18,10.32,28.0
455,15.168,2.6,10.72,0.31,11.03,28.6
456,15.198,2.7,10.24,0.19,10.43,29.0
457,15.216,2.55,11.68,0.23,11.91,29.5
458,15.235,2.88,10.61,0.2,10.81,30.0
459,15.251,2.5,10.76,0.18,10.94,30.5
460,15.269,3.28,13.24,0.2,13.44,30.9
461,15.304,18.43,14.73,0.26,14.99,31.0
462,15.339,4.34,17.78,0.29,18.06,30.6
463,15.374,3.12,18.69,0.23,18.92,30.6
464,15.448,42.69,16.31,0.23,16.54,29.3
465,15.481,2.14,13.22,0.22,13.44,29.3
466,15.501,3.77,13.49,0.35,13.84,30.2
467,15.536,3.27,20.29,0.24,20.53,30.1
468,15.569,2.67,16.15,0.27,16.42,30.1
469,15.602,2.77,16.23,0.28,16.51,30.2
470,15.638,4.1,19.79,0.34,20.12,30.1
471,15.67,2.84,15.03,0.2,15.23,30.2
472,15.705,2.61,11.76,0.18,11.94,30.2
473,15.723,2.57,15.22,0.54,15.76,30.5
474,15.757,2.79,16.99,0.26,17.25,30.0
475,15.792,2.99,18.89,0.21,19.1,30.1
476,15.825,1.61,14.51,0.28,14.79,30.6
477,15.861,3.3,21.16,0.37,21.53,30.6
478,15.894,2.05,20.6,0.23,20.83,30.6
479,15.93,3.29,17.81,0.2,18.01,30.6
480,15.964,3.59,16.95,0.21,17.16,30.6
481,16.0,3.38,21.22,0.38,21.6,30.5
482,16.034,3.22,13.72,0.19,13.92,31.5
483,16.067,2.45,10.12,0.19,10.31,31.5
484,16.086,6.12,10.35,0.22,10.56,32.0
485,16.12,14.91,11.78,0.19,11.97,32.0
486,16.152,16.53,9.72,0.19,9.91,31.5
487,16.184,16.43,15.45,0.23,15.68,31.4
488,16.217,3.7,13.06,0.23,13.29,30.6
489,16.248,15.85,15.51,0.44,15.95,30.1
490,16.283,2.83,16.86,0.24,17.09,29.6
491,16.317,2.73,11.91,0.18,12.09,29.7
492,16.344,3.5,10.91,0.23,11.14,29.9
493,16.393,34.85,17.99,0.25,18.24,30.7
494,16.427,2.75,12.24,0.19,12.42,30.6
495,16.455,11.57,12.44,0.2,12.64,30.8
496,16.488,18.06,16.64,0.25,16.89,30.4
497,16.522,1.99,14.71,0.18,14.9,30.4
498,16.555,1.58,10.61,0.22,10.83,30.4
499,16.584,15.68,13.71,0.24,13.94,30.5
500,16.619,2.15,13.32,0.19,13.5,30.6
501,16.652,2.05,15.99,0.26,16.25,30.5
502,16.701,16.88,17.11,0.2,17.31,30.1
503,16.735,2.22,13.76,0.19,13.95,29.6
504,16.769,1.74,12.6,0.19,12.79,29.7
505,16.791,6.75,10.34,0.24,10.59,30.0
506,16.823,16.28,16.43,0.29,16.71,30.1
507,16.857,2.98,16.06,0.26,16.32,30.1
508,16.892,2.92,17.22,0.23,17.45,30.1
509,16.927,3.57,14.4,0.23,14.63,30.1
510,16.961,2.99,17.97,0.3,18.27,30.1
511,17.004,11.54,11.27,0.19,11.46,29.9
512,17.031,1.48,10.44,0.19,10.62,30.1
513,17.062,15.02,10.05,0.2,10.25,30.2
514,17.094,16.81,11.57,0.28,11.84,29.8
515,17.127,17.05,16.46,0.22,16.68,29.7
516,17.162,2.66,12.42,0.24,12.66,29.7
517,17.192,15.15,11.17,0.19,11.36,29.7
518,17.223,15.35,9.63,0.19,9.82,29.8
519,17.255,16.87,13.26,0.22,13.48,29.8
520,17.304,33.11,10.81,0.2,11.0,29.4
521,17.335,14.57,9.65,0.18,9.83,29.3
522,17.353,2.47,9.53,0.23,9.77,30.2
523,17.37,2.56,9.54,0.2,9.74,30.7
524,17.432,46.22,19.42,0.38,19.8,29.7
525,17.467,3.18,21.12,0.35,21.47,29.6
526,17.5,3.09,13.88,0.2,14.08,29.6
527,17.533,2.57,10.47,0.19,10.66,29.6
528,17.56,11.84,10.51,0.19,10.7,29.7
529,17.606,30.42,12.11,0.2,12.31,29.4
530,17.64,18.12,10.57,0.19,10.76,29.4
531,17.657,2.02,10.26,0.2,10.46,30.3
532,17.675,2.43,9.48,0.2,9.68,30.8
533,17.704,14.6,13.84,0.27,14.11,31.0
534,17.737,2.87,16.92,0.32,17.23,31.0
535,17.772,2.69,16.12,0.28,16.4,30.6
536,17.833,30.25,21.92,0.36,22.29,29.7
537,17.867,2.73,11.86,0.2,12.05,29.7
538,17.913,30.24,21.29,0.43,21.72,29.4
539,17.948,2.88,17.32,0.22,17.54,29.4
540,17.983,3.36,17.16,0.23,17.39,29.6
541,18.017,3.15,14.97,0.19,15.16,29.4
542,18.052,3.1,23.58,0.27,23.84,29.3
543,18.082,1.97,13.84,0.28,14.12,29.4
544,18.115,2.28,18.94,0.25,19.2,29.4
545,18.149,2.06,18.03,0.28,18.3,29.4
546,18.182,2.28,17.32,0.27,17.59,29.3
547,18.217,3.95,20.32,0.34,20.66,29.2
548,18.251,2.21,17.6,0.26,17.86,29.1
549,18.285,2.06,19.62,0.31,19.93,29.6
550,18.319,2.94,17.96,0.23,18.19,29.5
551,18.353,1.75,18.87,0.37,19.24,29.0
552,18.386,2.3,16.31,0.38,16.69,29.3
553,18.421,3.06,18.29,0.34,18.63,29.3
554,18.456,3.21,20.8,0.36,21.16,29.3
555,18.491,3.22,23.08,0.36,23.45,29.3
556,18.525,3.05,19.71,0.37,20.08,29.2
557,18.551,3.64,17.71,0.24,17.95,29.3
558,18.585,2.89,17.59,0.3,17.89,29.6
559,18.618,2.26,18.78,0.28,19.06,29.6
560,18.652,2.0,19.83,0.29,20.12,29.1
561,18.686,1.86,18.04,0.23,18.27,28.5
562,18.72,2.71,12.35,0.19,12.53,28.5
563,18.739,2.68,13.89,0.32,14.21,29.0
564,18.773,2.69,11.91,0.21,12.12,29.8
565,18.79,2.62,10.58,0.21,10.79,30.3
566,18.808,2.62,10.31,0.19,10.5,30.8
567,18.855,34.31,11.07,0.21,11.29,30.4
568,18.887,16.49,10.74,0.19,10.93,30.8
569,18.919,17.1,10.02,0.23,10.25,30.9
570,18.949,14.27,9.83,0.19,10.02,31.0
571,18.982,16.5,10.17,0.2,10.36,31.0
572,19.014,17.13,9.77,0.19,9.96,31.1
573,19.05,20.02,10.49,0.19,10.69,31.1
574,19.081,2.45,9.34,0.21,9.56,31.0
575,19.109,12.72,10.4,0.19,10.59,31.2
576,19.158,32.79,9.55,0.21,9.76,30.8
577,19.189,16.02,10.0,0.19,10.2,30.9
578,19.222,9.23,11.17,0.2,11.37,30.9
579,19.254,16.15,11.42,0.19,11.61,31.0
580,19.286,17.29,11.23,0.2,11.43,31.0
581,19.318,16.32,10.0,0.27,10.27,31.0
582,19.352,18.04,9.49,0.19,9.68,31.0
583,19.383,15.11,9.24,0.19,9.43,31.1
584,19.414,15.17,9.71,0.19,9.9,31.2
585,19.464,33.53,12.43,0.3,12.73,30.8
586,19.499,4.2,18.97,0.28,19.24,30.8
587,19.533,3.05,18.77,0.53,19.29,30.6
588,19.566,2.05,15.15,0.27,15.42,30.6
589,19.6,3.21,16.53,0.21,16.75,30.5
590,19.634,2.1,18.37,0.26,18.63,30.6
591,19.668,3.23,18.27,0.25,18.51,30.5
592,19.702,2.77,22.31,0.39,22.7,30.5
593,19.738,3.55,19.91,0.24,20.15,30.0
594,19.772,2.87,13.41,0.2,13.61,30.0
595,19.805,1.63,12.74,0.22,12.96,29.1
596,19.832,11.02,16.6,0.28,16.88,29.7
597,19.867,2.99,16.04,0.21,16.25,29.6
598,19.901,2.75,20.41,0.36,20.77,29.5
599,19.935,2.07,20.07,0.31,20.38,29.4
600,19.968,2.1,20.91,0.34,21.25,29.4
601,19.999,3.07,14.39,0.21,14.6,29.4
602,20.034,4.47,14.7,0.21,14.91,29.5
603,20.075,10.75,19.11,0.23,19.35,29.2
604,20.108,1.6,10.23,0.2,10.43,29.0
605,20.127,2.65,10.68,0.21,10.89,29.9
606,20.145,2.56,10.25,0.2,10.45,30.4
607,20.165,4.8,10.23,0.18,10.42,30.7
608,20.236,55.61,19.76,0.25,20.01,29.5
609,20.27,1.96,17.06,0.41,17.47,29.5
610,20.305,3.11,17.6,0.2,17.8,29.4
611,20.34,3.65,22.06,0.35,22.41,29.3
612,20.374,2.56,10.35,0.2,10.55,29.3
613,20.409,20.93,9.6,0.19,9.79,29.2
614,20.438,13.74,10.16,0.19,10.35,29.8
615,20.456,2.72,10.1,0.2,10.29,30.2
616,20.475,2.44,10.05,0.19,10.24,30.7
617,20.503,12.68,11.17,0.29,11.46,30.9
618,20.536,16.82,12.98,0.2,13.19,30.9
619,20.568,16.57,11.41,0.23,11.64,31.0
620,20.633,49.6,16.64,0.21,16.85,30.0
621,20.666,1.63,10.89,0.18,11.07,30.1
622,20.712,30.15,17.93,0.32,18.24,29.8
623,20.746,3.03,14.36,0.23,14.59,29.8
624,20.782,3.32,18.98,0.33,19.31,29.7
625,20.816,3.36,17.77,0.33,18.1,29.5
626,20.849,1.49,18.48,0.19,18.67,29.5
627,20.882,2.33,12.95,0.28,13.23,29.6
628,20.901,2.61,12.86,0.24,13.1,30.0
629,20.919,2.17,11.39,0.2,11.58,30.5
630,20.937,2.51,11.27,0.21,11.48,31.0
631,20.969,18.26,15.71,0.2,15.91,30.9
632,21.049,53.7,22.64,0.48,23.12,29.8
633,21.081,6.29,12.44,0.27,12.71,29.8
634,21.099,1.86,10.99,0.19,11.18,30.3
635,21.116,1.53,10.23,0.19,10.42,30.3
636,21.144,12.53,18.15,0.36,18.52,30.0
637,21.179,14.38,18.09,0.25,18.34,30.8
638,21.214,3.24,21.12,0.26,21.38,30.7
639,21.249,2.92,18.32,0.22,18.54,30.7
640,21.283,2.68,10.12,0.18,10.3,30.7
641,21.323,26.45,13.43,0.21,13.64,30.5
642,21.354,15.51,10.21,0.19,10.4,30.6
643,21.382,12.0,9.64,0.19,9.83,30.8
644,21.418,19.99,12.08,0.27,12.35,30.6
645,21.448,14.5,11.6,0.19,11.79,30.3
646,21.48,16.1,11.69,0.19,11.88,29.7
647,21.51,15.27,11.37,0.2,11.58,29.8
648,21.542,16.16,10.65,0.19,10.84,29.8
649,21.575,17.31,10.53,0.2,10.73,30.8
650,21.622,30.4,10.55,0.19,10.74,30.3
651,21.655,18.12,11.71,0.19,11.9,30.3
652,21.686,14.81,10.17,0.19,10.36,30.8
653,21.719,17.56,10.4,0.19,10.59,30.8
654,21.752,18.55,9.84,0.19,10.03,30.9
655,21.781,14.65,10.25,0.2,10.45,31.0
656,21.814,16.86,9.34,0.19,9.54,31.1
657,21.845,15.42,9.25,0.21,9.46,31.1
658,21.878,17.49,9.75,0.19,9.94,31.1
659,21.929,37.45,17.84,0.24,18.08,29.2
660,21.964,2.68,15.87,0.33,16.2,29.1
661,21.999,2.9,19.96,0.25,20.21,30.5
662,22.033,3.38,15.89,0.22,16.11,30.5
663,22.067,2.9,18.21,0.25,18.46,30.4
664,22.099,1.81,18.47,0.3,18.77,30.0
665,22.133,3.23,20.73,0.29,21.02,29.3
666,22.168,3.12,17.49,0.2,17.69,29.3
667,22.199,2.6,17.16,0.27,17.43,29.4
668,22.232,2.56,21.83,0.34,22.17,29.5
669,22.265,1.98,15.54,0.2,15.74,29.5
670,22.3,2.93,15.73,0.25,15.97,29.7
671,22.334,2.15,14.89,0.19,15.09,29.6
672,22.368,2.02,15.59,0.52,16.11,29.4
673,22.403,3.13,13.45,0.18,13.63,29.4
674,22.424,4.99,9.68,0.2,9.88,29.7
675,22.457,17.39,17.98,0.37,18.34,29.7
676,22.491,2.84,18.11,0.32,18.43,29.6
677,22.526,3.16,16.46,0.22,16.67,29.5
678,22.569,11.33,18.96,0.32,19.28,29.2
679,22.602,1.75,13.76,0.32,14.08,29.6
680,22.637,2.99,16.02,0.21,16.24,29.5
681,22.671,2.21,17.61,0.28,17.88,29.4
682,22.705,2.01,20.17,0.33,20.5,29.4
683,22.74,2.59,19.43,0.22,19.65,29.4
684,22.774,2.78,21.47,0.34,21.81,29.2
685,22.808,2.84,19.76,0.23,19.99,29.2
686,22.842,2.78,13.88,0.19,14.07,29.1
687,22.877,3.04,19.9,0.51,20.4,29.0
688,22.912,3.11,18.91,0.26,19.16,29.5
689,22.946,2.5,14.67,0.2,14.88,29.5
690,22.98,1.91,18.79,0.29,19.08,29.6
691,23.015,3.05,20.63,0.25,20.87,29.5
692,23.049,3.15,17.13,0.26,17.39,29.5
693,23.083,1.99,22.08,0.33,22.41,29.5
694,23.117,3.13,15.98,0.19,16.17,29.5
695,23.151,2.99,20.47,0.29,20.77,29.5
696,23.183,2.6,12.09,0.23,12.32,29.5
697,23.206,7.58,10.12,0.2,10.32,29.8
698,23.232,2.8,12.07,0.21,12.28,30.0
699,23.251,2.57,9.89,0.21,10.11,30.4
700,23.269,2.95,10.91,0.21,11.12,30.9
701,23.304,19.5,17.04,0.28,17.32,30.9
702,23.338,2.3,13.7,0.22,13.92,30.9
703,23.372,2.44,11.27,0.22,11.49,30.9
704,23.437,48.48,21.49,0.38,21.87,29.6
705,23.486,17.67,13.29,0.2,13.49,29.1
706,23.511,9.26,14.89,0.31,15.2,29.5
707,23.545,2.97,17.15,0.27,17.42,29.7
708,23.58,3.28,18.44,0.25,18.69,29.7
709,23.613,2.5,19.21,0.28,19.49,29.7
710,23.647,1.98,9.58,0.19,9.76,29.7
711,23.667,4.14,9.78,0.21,10.0,30.1
712,23.684,1.61,10.14,0.18,10.32,30.7
713,23.702,2.6,10.04,0.19,10.22,31.1
714,23.735,20.12,10.74,0.21,10.94,31.2
715,23.785,36.43,9.61,0.19,9.8,30.7
716,23.814,13.94,9.42,0.19,9.61,30.9
717,23.847,16.54,10.04,0.21,10.24,30.9
718,23.879,16.13,9.44,0.19,9.63,31.0
719,23.91,16.12,12.63,0.23,12.86,31.0
720,23.945,18.45,17.85,0.26,18.11,31.0
721,23.979,3.17,16.15,0.25,16.4,31.0
722,24.013,1.99,17.44,0.25,17.69,31.1
723,24.048,3.96,17.61,0.27,17.88,31.1
724,24.088,8.05,21.52,0.37,21.88,30.9
725,24.122,8.89,15.79,0.5,16.29,30.9
726,24.157,2.27,19.77,0.27,20.04,30.8
727,24.183,1.83,13.21,0.24,13.45,30.7
728,24.217,2.95,15.84,0.19,16.03,30.5
729,24.25,2.74,16.09,0.3,16.38,30.0
730,24.284,2.02,14.87,0.2,15.07,29.6
731,24.317,1.98,18.56,0.3,18.85,29.6
732,24.352,2.83,15.15,0.24,15.39,29.6
733,24.387,2.14,15.03,0.21,15.24,30.5
734,24.423,5.69,12.39,0.22,12.61,30.4
735,24.458,19.57,15.96,0.26,16.22,30.9
736,24.493,2.33,15.24,0.23,15.48,30.6
737,24.527,2.26,21.67,0.22,21.89,30.6
738,24.561,2.95,13.97,0.33,14.31,30.6
739,24.582,4.5,9.78,0.18,9.96,31.0
740,24.618,20.19,12.21,0.31,12.53,30.9
741,24.65,16.21,16.21,0.23,16.44,30.5
742,24.683,2.09,14.12,0.27,14.39,30.0
743,24.73,15.64,16.64,0.25,16.88,29.1
744,24.763,2.65,10.76,0.19,10.94,29.6
745,24.795,15.3,15.13,0.25,15.39,29.6
746,24.83,3.19,16.07,0.21,16.28,29.5
747,24.864,2.79,17.86,0.24,18.1,29.4
748,24.898,2.96,14.65,0.2,14.84,29.3
749,24.933,3.24,16.7,0.23,16.92,29.3
750,24.968,2.99,20.09,0.19,20.28,29.3
751,25.0,2.24,11.46,0.2,11.66,29.4
752,25.031,17.13,14.05,0.3,14.36,29.5
753,25.065,2.02,19.98,0.35,20.32,29.7
754,25.098,2.08,16.02,0.22,16.24,29.7
755,25.132,2.97,18.81,0.23,19.05,29.7
756,25.166,2.14,17.94,0.24,18.18,29.5
757,25.193,5.47,11.84,0.25,12.08,29.7
758,25.224,15.13,15.94,0.19,16.13,29.8
759,25.259,2.98,17.52,0.3,17.82,29.8
760,25.293,3.23,19.73,0.29,20.02,29.7
761,25.337,12.5,22.19,0.36,22.56,29.5
762,25.372,3.2,16.7,0.24,16.94,29.4
763,25.406,2.81,15.31,0.23,15.54,29.5
764,25.441,3.29,14.42,0.19,14.61,29.5
765,25.474,2.11,15.18,0.28,15.46,29.6
766,25.508,2.96,18.17,0.25,18.41,29.6
767,25.542,2.57,19.07,0.37,19.44,29.6
768,25.576,2.71,19.96,0.28,20.24,29.2
769,25.611,3.3,23.6,0.23,23.83,29.2
770,25.645,2.42,13.69,0.23,13.92,29.1
771,25.682,4.83,19.22,0.3,19.52,29.0
772,25.717,3.43,16.7,0.2,16.9,29.4
773,25.75,1.97,20.61,0.42,21.03,29.4
774,25.784,3.28,19.76,0.28,20.04,29.3
775,25.818,2.85,19.18,0.21,19.38,29.3
776,25.851,2.4,16.48,0.26,16.74,29.4
777,25.886,3.09,19.9,0.28,20.18,29.4
778,25.921,3.05,17.97,0.26,18.22,29.4
779,25.955,2.09,21.97,0.33,22.3,29.4
780,25.983,2.11,13.82,0.25,14.06,29.5
781,26.015,2.87,20.35,0.2,20.55,29.5
782,26.05,3.32,18.07,0.3,18.36,29.4
783,26.083,1.99,18.38,0.23,18.61,29.4
784,26.117,2.88,18.6,0.23,18.82,29.5
785,26.15,2.22,19.54,0.32,19.85,29.5
786,26.184,3.06,17.39,0.23,17.61,29.3
787,26.217,3.37,19.32,0.36,19.68,29.2
788,26.25,1.66,13.95,0.25,14.2,29.2
789,26.284,2.36,9.7,0.19,9.9,29.3
790,26.3,2.91,11.1,0.24,11.35,30.1
791,26.318,2.56,10.65,0.19,10.84,30.6
792,26.343,1.45,9.99,0.19,10.18,30.9
793,26.375,15.77,13.88,0.23,14.11,31.0
794,26.41,3.6,19.23,0.39,19.62,30.9
795,26.439,7.38,17.45,0.31,17.76,31.1
796,26.474,3.64,20.48,0.84,21.32,31.0
797,26.508,2.6,10.59,0.19,10.79,31.1
798,26.535,11.26,18.16,0.31,18.47,31.2
799,26.585,17.83,19.8,0.36,20.16,30.8
800,26.618,1.96,17.34,0.21,17.55,30.8
801,26.652,1.95,13.99,0.2,14.19,30.9
802,26.685,2.06,15.13,0.3,15.43,31.0
803,26.718,1.66,12.38,0.21,12.59,31.0
804,26.744,9.84,19.11,0.32,19.43,31.2
805,26.779,3.09,17.19,0.21,17.4,31.2
806,26.813,3.22,18.93,0.34,19.27,31.1
807,26.848,3.57,17.0,0.24,17.24,31.1
808,26.888,9.21,10.72,0.19,10.91,31.0
809,26.92,17.04,9.91,0.32,10.22,31.0
810,26.95,14.59,10.12,0.2,10.32,31.1
811,26.983,17.42,12.01,0.18,12.2,31.0
812,27.015,2.01,11.64,0.28,11.92,31.0
813,27.048,16.99,11.69,0.26,11.95,31.1
814,27.08,17.14,16.58,0.33,16.91,31.1
815,27.115,15.69,15.32,0.22,15.54,31.1
816,27.15,4.9,17.42,0.27,17.69,31.0
817,27.194,13.71,19.17,0.24,19.41,30.7
818,27.227,1.49,20.98,0.37,21.35,30.7
819,27.261,2.28,18.01,0.61,18.62,30.7
820,27.295,2.04,17.75,0.23,17.98,30.2
821,27.329,2.32,21.15,0.23,21.38,29.4
822,27.363,1.91,19.51,0.33,19.85,29.4
823,27.398,3.26,21.4,0.36,21.76,29.4
824,27.432,2.1,17.55,0.26,17.81,29.2
825,27.467,2.88,20.25,0.24,20.49,29.2
826,27.51,11.68,19.38,0.27,19.64,28.7
827,27.544,2.89,14.98,0.2,15.18,29.2
828,27.579,2.87,16.79,0.28,17.06,29.2
829,27.615,3.5,19.45,0.29,19.74,29.1
830,27.65,3.66,17.5,0.21,17.71,29.1
831,27.685,3.9,20.26,0.34,20.6,29.0
832,27.718,3.01,17.58,0.41,17.99,29.0
833,27.752,2.25,19.0,0.3,19.3,28.8
834,27.786,3.15,22.79,0.22,23.0,28.8
835,27.82,2.56,16.6,0.27,16.87,28.8
836,27.854,2.25,16.55,0.3,16.84,29.0
837,27.889,2.85,22.53,0.36,22.89,28.9
838,27.923,3.0,17.55,0.25,17.8,28.8
839,27.957,2.64,19.15,0.27,19.42,28.7
840,27.984,2.67,14.63,0.24,14.86,28.9
841,28.017,3.3,16.4,0.2,16.6,28.9
842,28.051,3.66,19.77,0.37,20.15,28.8
843,28.084,2.24,17.85,0.25,18.1,28.9
844,28.117,3.18,20.38,0.34,20.72,28.9
845,28.142,2.11,19.14,0.34,19.49,29.2
846,28.168,2.78,13.54,0.26,13.8,29.8
847,28.199,3.15,11.92,0.23,12.15,29.8
848,28.235,20.63,22.25,0.36,22.61,29.8
849,28.27,3.1,15.76,0.3,16.06,29.8
850,28.304,2.81,12.9,0.19,13.09,29.8
851,28.327,8.18,16.36,0.34,16.7,30.1
852,28.366,7.51,17.09,0.42,17.52,30.0
853,28.401,3.18,20.77,0.32,21.09,29.9
854,28.444,11.23,14.79,0.21,15.0,29.7
855,28.478,2.02,22.03,0.32,22.36,30.0
856,28.512,1.98,20.71,0.34,21.06,30.0
857,28.536,1.88,19.6,0.36,19.96,30.2
858,28.57,2.17,14.65,0.2,14.86,30.3
859,28.603,1.72,13.4,0.23,13.63,30.4
860,28.631,12.2,10.04,0.18,10.23,30.6
861,28.664,16.71,13.16,0.24,13.4,30.7
862,28.698,2.09,18.6,0.31,18.91,30.6
863,28.746,15.77,20.83,0.32,21.15,30.2
864,28.782,4.32,15.93,0.26,16.19,30.1
865,28.815,2.52,13.32,0.19,13.5,30.2
866,28.849,3.26,19.19,0.21,19.4,30.1
867,28.884,3.73,20.0,0.32,20.32,30.1
868,28.919,3.25,19.6,0.4,20.0,30.1
869,28.954,3.03,17.87,0.27,18.14,30.1
870,28.984,3.03,14.41,0.22,14.63,30.0
871,29.017,2.73,13.5,0.22,13.72,30.0
872,29.05,1.98,18.55,0.25,18.8,30.0
873,29.084,2.99,15.17,0.33,15.5,30.0
874,29.118,3.35,15.55,0.2,15.74,29.7
875,29.152,2.9,15.36,0.23,15.59,29.5
876,29.185,3.43,19.22,0.31,19.53,29.4
877,29.218,4.63,17.32,0.23,17.56,29.5
878,29.253,2.99,18.37,0.26,18.63,29.5
879,29.287,1.96,20.4,0.27,20.66,29.5
880,29.322,3.41,17.83,0.23,18.06,29.2
881,29.355,2.44,10.2,0.21,10.41,29.3
882,29.374,2.7,11.21,0.2,11.42,29.8
883,29.389,1.82,10.96,0.22,11.17,30.4
884,29.413,8.21,10.5,0.2,10.7,30.9
885,29.446,16.83,10.85,0.24,11.08,31.0
886,29.479,17.23,10.05,0.2,10.25,31.0
887,29.512,18.37,11.21,0.21,11.41,30.7
888,29.542,14.11,10.97,0.29,11.26,30.8
889,29.574,15.76,11.39,0.2,11.59,30.9
890,29.606,16.08,10.0,0.2,10.2,30.8
891,29.655,32.92,9.68,0.19,9.87,30.3
892,29.686,16.02,9.94,0.19,10.13,30.4
893,29.72,18.26,9.35,0.18,9.53,30.8
894,29.751,17.73,9.76,0.19,9.94,30.9
895,29.783,15.83,10.05,0.19,10.24,31.0
896,29.816,17.94,9.79,0.21,10.0,31.0
897,29.85,19.5,9.54,0.19,9.73,31.1
898,29.879,13.61,10.6,0.21,10.81,31.2
899,29.911,16.33,10.68,0.18,10.86,31.3
900,29.959,32.24,10.23,0.19,10.42,30.8
901,29.99,15.7,11.1,0.28,11.38,30.8
902,30.022,7.91,9.97,0.28,10.25,30.9
